id,polarity
1,positive
2,positive
3,negative
4,negative
5,negative
6,negative
7,negative
8,positive
9,negative
10,positive
11,positive
12,negative
13,negative
14,negative
15,positive
16,positive
17,positive
18,positive
19,negative
20,positive
21,negative
22,negative
23,negative
24,negative
25,negative
26,negative
27,positive
28,positive
29,positive
30,negative
31,positive
32,positive
33,positive
34,negative
35,negative
36,positive
37,negative
38,positive
39,negative
40,positive
41,negative
42,negative
43,negative
44,positive
45,negative
46,negative
47,negative
48,negative
49,negative
50,negative
51,negative
52,negative
53,positive
54,positive
55,negative
56,negative
57,negative
58,negative
59,negative
60,negative
61,negative
62,negative
63,negative
64,negative
65,positive
66,negative
67,negative
68,negative
69,positive
70,negative
71,negative
72,positive
73,positive
74,negative
75,positive
76,positive
77,positive
78,negative
79,positive
80,positive
81,positive
82,negative
83,positive
84,negative
85,positive
86,positive
87,positive
88,positive
89,negative
90,negative
91,positive
92,positive
93,positive
94,negative
95,negative
96,negative
97,negative
98,positive
99,positive
100,negative
101,negative
102,positive
103,negative
104,positive
105,negative
106,negative
107,positive
108,positive
109,negative
110,negative
111,positive
112,negative
113,positive
114,positive
115,negative
116,negative
117,negative
118,positive
119,negative
120,negative
121,negative
122,negative
123,negative
124,negative
125,negative
126,positive
127,positive
128,negative
129,positive
130,positive
131,positive
132,negative
133,positive
134,positive
135,positive
136,positive
137,negative
138,positive
139,negative
140,positive
141,negative
142,positive
143,negative
144,positive
145,negative
146,negative
147,positive
148,negative
149,negative
150,positive
151,negative
152,negative
153,negative
154,negative
155,negative
156,positive
157,negative
158,negative
159,negative
160,negative
161,negative
162,positive
163,positive
164,positive
165,positive
166,positive
167,negative
168,negative
169,negative
170,positive
171,negative
172,negative
173,negative
174,positive
175,negative
176,positive
177,negative
178,positive
179,positive
180,positive
181,negative
182,negative
183,negative
184,negative
185,positive
186,negative
187,negative
188,negative
189,negative
190,negative
191,positive
192,negative
193,positive
194,positive
195,positive
196,positive
197,negative
198,positive
199,negative
200,positive
201,negative
202,negative
203,negative
204,negative
205,positive
206,negative
207,negative
208,negative
209,positive
210,negative
211,negative
212,positive
213,negative
214,positive
215,positive
216,negative
217,negative
218,negative
219,negative
220,negative
221,negative
222,negative
223,negative
224,negative
225,positive
226,positive
227,negative
228,positive
229,positive
230,positive
231,negative
232,negative
233,positive
234,negative
235,negative
236,positive
237,positive
238,positive
239,positive
240,negative
241,negative
242,negative
243,negative
244,negative
245,positive
246,negative
247,positive
248,positive
249,negative
250,negative
251,negative
252,negative
253,positive
254,positive
255,negative
256,positive
257,negative
258,negative
259,negative
260,negative
261,negative
262,positive
263,positive
264,positive
265,positive
266,negative
267,negative
268,negative
269,positive
270,negative
271,negative
272,positive
273,negative
274,positive
275,negative
276,negative
277,positive
278,positive
279,positive
280,negative
281,positive
282,positive
283,negative
284,negative
285,negative
286,negative
287,negative
288,negative
289,negative
290,negative
291,positive
292,negative
293,positive
294,negative
295,negative
296,positive
297,positive
298,negative
299,positive
300,negative
301,positive
302,negative
303,negative
304,positive
305,positive
306,neutral
307,negative
308,positive
309,negative
310,negative
311,negative
312,negative
313,positive
314,negative
315,positive
316,negative
317,negative
318,negative
319,negative
320,negative
321,negative
322,negative
323,negative
324,negative
325,negative
326,negative
327,negative
328,positive
329,negative
330,negative
331,positive
332,positive
333,positive
334,positive
335,negative
336,positive
337,positive
338,positive
339,negative
340,positive
341,negative
342,negative
343,negative
344,positive
345,negative
346,negative
347,positive
348,negative
349,negative
350,negative
351,positive
352,positive
353,negative
354,negative
355,positive
356,positive
357,negative
358,positive
359,negative
360,positive
361,positive
362,positive
363,negative
364,positive
365,positive
366,negative
367,positive
368,positive
369,negative
370,positive
371,negative
372,positive
373,negative
374,negative
375,positive
376,negative
377,negative
378,negative
379,negative
380,positive
381,negative
382,negative
383,negative
384,negative
385,negative
386,negative
387,positive
388,negative
389,negative
390,negative
391,negative
392,positive
393,negative
394,negative
395,negative
396,negative
397,negative
398,negative
399,negative
400,negative
401,negative
402,negative
403,negative
404,positive
405,positive
406,negative
407,negative
408,negative
409,negative
410,negative
411,positive
412,negative
413,positive
414,negative
415,negative
416,negative
417,negative
418,negative
419,negative
420,negative
421,positive
422,negative
423,negative
424,negative
425,positive
426,negative
427,positive
428,positive
429,positive
430,positive
431,negative
432,positive
433,negative
434,negative
435,negative
436,negative
437,negative
438,negative
439,negative
440,positive
441,negative
442,positive
443,positive
444,negative
445,negative
446,negative
447,positive
448,negative
449,positive
450,negative
451,negative
452,positive
453,negative
454,negative
455,negative
456,negative
457,positive
458,positive
459,negative
460,negative
461,positive
462,negative
463,positive
464,positive
465,positive
466,negative
467,negative
468,positive
469,negative
470,positive
471,negative
472,negative
473,negative
474,positive
475,negative
476,positive
477,negative
478,positive
479,positive
480,positive
481,negative
482,negative
483,negative
484,negative
485,negative
486,negative
487,negative
488,positive
489,negative
490,negative
491,positive
492,positive
493,positive
494,positive
495,negative
496,negative
497,positive
498,negative
499,positive
500,positive
501,negative
502,negative
503,negative
504,positive
505,negative
506,negative
507,negative
508,negative
509,positive
510,negative
511,positive
512,negative
513,negative
514,negative
515,positive
516,positive
517,negative
518,positive
519,negative
520,negative
521,negative
522,negative
523,negative
524,positive
525,negative
526,positive
527,negative
528,negative
529,negative
530,negative
531,positive
532,positive
533,negative
534,negative
535,positive
536,negative
537,negative
538,negative
539,positive
540,positive
541,negative
542,negative
543,positive
544,positive
545,negative
546,negative
547,negative
548,positive
549,negative
550,positive
551,positive
552,positive
553,negative
554,positive
555,negative
556,negative
557,negative
558,positive
559,positive
560,negative
561,negative
562,positive
563,negative
564,positive
565,negative
566,positive
567,negative
568,positive
569,positive
570,negative
571,negative
572,positive
573,negative
574,negative
575,negative
576,negative
577,negative
578,positive
579,negative
580,negative
581,positive
582,positive
583,negative
584,positive
585,negative
586,negative
587,negative
588,negative
589,positive
590,negative
591,negative
592,negative
593,negative
594,negative
595,negative
596,positive
597,negative
598,positive
599,negative
600,positive
601,negative
602,negative
603,negative
604,positive
605,positive
606,negative
607,negative
608,negative
609,negative
610,negative
611,positive
612,negative
613,negative
614,negative
615,negative
616,negative
617,negative
618,negative
619,positive
620,negative
621,negative
622,positive
623,negative
624,negative
625,negative
626,negative
627,negative
628,positive
629,positive
630,positive
631,negative
632,positive
633,negative
634,positive
635,negative
636,negative
637,negative
638,negative
639,positive
640,positive
641,negative
642,positive
643,negative
644,negative
645,negative
646,negative
647,negative
648,positive
649,positive
650,negative
651,positive
652,negative
653,negative
654,positive
655,positive
656,positive
657,positive
658,positive
659,negative
660,negative
661,negative
662,positive
663,positive
664,negative
665,negative
666,negative
667,positive
668,positive
669,negative
670,positive
671,negative
672,negative
673,positive
674,negative
675,negative
676,negative
677,positive
678,positive
679,negative
680,negative
681,negative
682,negative
683,negative
684,negative
685,positive
686,positive
687,negative
688,negative
689,negative
690,positive
691,negative
692,negative
693,negative
694,negative
695,positive
696,negative
697,positive
698,positive
699,negative
700,positive
701,negative
702,negative
703,positive
704,positive
705,positive
706,positive
707,negative
708,negative
709,negative
710,negative
711,negative
712,negative
713,negative
714,negative
715,negative
716,positive
717,positive
718,negative
719,negative
720,positive
721,positive
722,negative
723,positive
724,positive
725,negative
726,negative
727,negative
728,positive
729,positive
730,negative
731,positive
732,negative
733,negative
734,negative
735,negative
736,positive
737,negative
738,negative
739,negative
740,positive
741,positive
742,negative
743,negative
744,negative
745,negative
746,positive
747,positive
748,negative
749,positive
750,negative
751,negative
752,negative
753,negative
754,positive
755,negative
756,positive
757,positive
758,negative
759,negative
760,negative
761,positive
762,negative
763,positive
764,negative
765,positive
766,positive
767,positive
768,negative
769,negative
770,positive
771,negative
772,negative
773,positive
774,negative
775,negative
776,positive
777,negative
778,positive
779,positive
780,negative
781,negative
782,positive
783,positive
784,negative
785,negative
786,positive
787,negative
788,negative
789,negative
790,negative
791,negative
792,positive
793,negative
794,negative
795,positive
796,positive
797,positive
798,positive
799,positive
800,positive
801,negative
802,positive
803,positive
804,negative
805,positive
806,positive
807,positive
808,negative
809,negative
810,positive
811,positive
812,negative
813,negative
814,positive
815,negative
816,negative
817,negative
818,negative
819,positive
820,negative
821,positive
822,positive
823,negative
824,positive
825,negative
826,positive
827,negative
828,positive
829,positive
830,negative
831,negative
832,positive
833,positive
834,negative
835,negative
836,negative
837,positive
838,negative
839,positive
840,negative
841,negative
842,positive
843,negative
844,positive
845,negative
846,negative
847,negative
848,negative
849,negative
850,negative
851,positive
852,positive
853,negative
854,negative
855,negative
856,negative
857,negative
858,positive
859,positive
860,negative
861,positive
862,negative
863,positive
864,negative
865,negative
866,negative
867,positive
868,positive
869,positive
870,negative
871,positive
872,positive
873,negative
874,negative
875,negative
876,negative
877,negative
878,negative
879,positive
880,positive
881,negative
882,negative
883,negative
884,negative
885,negative
886,negative
887,negative
888,positive
889,negative
890,negative
891,negative
892,negative
893,positive
894,negative
895,positive
896,negative
897,positive
898,negative
899,positive
900,positive
901,negative
902,negative
903,negative
904,negative
905,negative
906,negative
907,negative
908,positive
909,positive
910,positive
911,negative
912,positive
913,positive
914,positive
915,positive
916,negative
917,negative
918,negative
919,negative
920,negative
921,positive
922,negative
923,negative
924,negative
925,negative
926,positive
927,positive
928,negative
929,negative
930,negative
931,negative
932,positive
933,negative
934,positive
935,positive
936,negative
937,negative
938,negative
939,negative
940,positive
941,negative
942,negative
943,positive
944,positive
945,positive
946,negative
947,negative
948,negative
949,negative
950,negative
951,negative
952,positive
953,negative
954,negative
955,negative
956,negative
957,negative
958,positive
959,negative
960,negative
961,negative
962,positive
963,positive
964,positive
965,positive
966,positive
967,negative
968,positive
969,positive
970,negative
971,negative
972,positive
973,negative
974,negative
975,positive
976,negative
977,positive
978,positive
979,negative
980,positive
981,negative
982,positive
983,negative
984,negative
985,positive
986,negative
987,negative
988,positive
989,negative
990,negative
991,negative
992,negative
993,negative
994,negative
995,positive
996,negative
997,positive
998,positive
999,negative
1000,negative
1001,positive
1002,positive
1003,negative
1004,negative
1005,negative
1006,negative
1007,negative
1008,negative
1009,negative
1010,positive
1011,negative
1012,positive
1013,negative
1014,negative
1015,negative
1016,positive
1017,negative
1018,negative
1019,negative
1020,negative
1021,negative
1022,negative
1023,negative
1024,negative
1025,positive
1026,negative
1027,positive
1028,negative
1029,positive
1030,positive
1031,positive
1032,positive
1033,negative
1034,positive
1035,positive
1036,positive
1037,positive
1038,negative
1039,negative
1040,positive
1041,positive
1042,negative
1043,negative
1044,positive
1045,negative
1046,positive
1047,negative
1048,negative
1049,positive
1050,positive
1051,positive
1052,negative
1053,positive
1054,negative
1055,negative
1056,negative
1057,positive
1058,positive
1059,negative
1060,positive
1061,positive
1062,positive
1063,positive
1064,negative
1065,positive
1066,negative
1067,positive
1068,negative
1069,positive
1070,negative
1071,negative
1072,negative
1073,negative
1074,positive
1075,negative
1076,negative
1077,negative
1078,positive
1079,positive
1080,negative
1081,negative
1082,positive
1083,negative
1084,negative
1085,negative
1086,positive
1087,positive
1088,negative
1089,negative
1090,positive
1091,negative
1092,negative
1093,negative
1094,positive
1095,positive
1096,negative
1097,negative
1098,positive
1099,negative
1100,positive
1101,positive
1102,negative
1103,negative
1104,positive
1105,positive
1106,negative
1107,negative
1108,positive
1109,negative
1110,negative
1111,negative
1112,positive
1113,positive
1114,negative
1115,negative
1116,negative
1117,negative
1118,positive
1119,negative
1120,positive
1121,positive
1122,negative
1123,negative
1124,positive
1125,negative
1126,positive
1127,negative
1128,negative
1129,positive
1130,positive
1131,negative
1132,negative
1133,positive
1134,negative
1135,negative
1136,positive
1137,negative
1138,positive
1139,positive
1140,negative
1141,positive
1142,negative
1143,positive
1144,negative
1145,negative
1146,positive
1147,negative
1148,positive
1149,positive
1150,positive
1151,negative
1152,negative
1153,positive
1154,negative
1155,negative
1156,negative
1157,positive
1158,positive
1159,negative
1160,positive
1161,negative
1162,negative
1163,negative
1164,negative
1165,negative
1166,negative
1167,negative
1168,negative
1169,negative
1170,negative
1171,positive
1172,negative
1173,negative
1174,positive
1175,positive
1176,positive
1177,negative
1178,negative
1179,negative
1180,negative
1181,negative
1182,negative
1183,positive
1184,negative
1185,positive
1186,positive
1187,positive
1188,negative
1189,negative
1190,negative
1191,negative
1192,positive
1193,positive
1194,negative
1195,negative
1196,neutral
1197,positive
1198,negative
1199,negative
1200,negative
1201,negative
1202,positive
1203,positive
1204,negative
1205,negative
1206,positive
1207,positive
1208,negative
1209,positive
1210,positive
1211,negative
1212,negative
1213,negative
1214,positive
1215,negative
1216,positive
1217,negative
1218,negative
1219,negative
1220,positive
1221,positive
1222,positive
1223,negative
1224,negative
1225,negative
1226,positive
1227,positive
1228,negative
1229,positive
1230,negative
1231,negative
1232,negative
1233,positive
1234,positive
1235,negative
1236,positive
1237,positive
1238,positive
1239,negative
1240,positive
1241,negative
1242,negative
1243,negative
1244,negative
1245,negative
1246,negative
1247,negative
1248,negative
1249,positive
1250,positive
1251,negative
1252,positive
1253,positive
1254,positive
1255,positive
1256,positive
1257,negative
1258,negative
1259,negative
1260,negative
1261,negative
1262,negative
1263,negative
1264,negative
1265,negative
1266,negative
1267,positive
1268,positive
1269,negative
1270,positive
1271,positive
1272,negative
1273,negative
1274,positive
1275,negative
1276,negative
1277,negative
1278,negative
1279,positive
1280,negative
1281,negative
1282,positive
1283,negative
1284,negative
1285,negative
1286,negative
1287,positive
1288,positive
1289,positive
1290,negative
1291,negative
1292,negative
1293,negative
1294,positive
1295,positive
1296,negative
1297,positive
1298,positive
1299,negative
1300,positive
1301,positive
1302,positive
1303,negative
1304,negative
1305,negative
1306,negative
1307,negative
1308,positive
1309,negative
1310,negative
1311,negative
1312,positive
1313,positive
1314,negative
1315,positive
1316,positive
1317,positive
1318,positive
1319,negative
1320,positive
1321,negative
1322,positive
1323,negative
1324,negative
1325,positive
1326,negative
1327,positive
1328,positive
1329,positive
1330,negative
1331,negative
1332,positive
1333,negative
1334,negative
1335,negative
1336,negative
1337,positive
1338,positive
1339,negative
1340,positive
1341,negative
1342,positive
1343,negative
1344,negative
1345,positive
1346,negative
1347,negative
1348,negative
1349,positive
1350,negative
1351,negative
1352,negative
1353,positive
1354,positive
1355,positive
1356,positive
1357,positive
1358,negative
1359,positive
1360,positive
1361,neutral
1362,negative
1363,negative
1364,negative
1365,negative
1366,positive
1367,negative
1368,negative
1369,negative
1370,positive
1371,positive
1372,negative
1373,negative
1374,negative
1375,negative
1376,positive
1377,negative
1378,negative
1379,negative
1380,negative
1381,negative
1382,negative
1383,negative
1384,negative
1385,negative
1386,positive
1387,negative
1388,negative
1389,negative
1390,positive
1391,negative
1392,negative
1393,negative
1394,positive
1395,negative
1396,positive
1397,negative
1398,negative
1399,positive
1400,positive
1401,negative
1402,neutral
1403,negative
1404,negative
1405,negative
1406,positive
1407,positive
1408,positive
1409,negative
1410,negative
1411,positive
1412,positive
1413,negative
1414,positive
1415,negative
1416,negative
1417,negative
1418,positive
1419,negative
1420,positive
1421,negative
1422,negative
1423,negative
1424,positive
1425,positive
1426,positive
1427,negative
1428,negative
1429,positive
1430,negative
1431,negative
1432,negative
1433,positive
1434,positive
1435,negative
1436,negative
1437,negative
1438,positive
1439,negative
1440,negative
1441,negative
1442,negative
1443,positive
1444,negative
1445,negative
1446,positive
1447,negative
1448,negative
1449,negative
1450,positive
1451,positive
1452,positive
1453,negative
1454,negative
1455,negative
1456,negative
1457,negative
1458,negative
1459,positive
1460,negative
1461,negative
1462,negative
1463,negative
1464,negative
1465,negative
1466,positive
1467,negative
1468,positive
1469,negative
1470,negative
1471,positive
1472,negative
1473,negative
1474,negative
1475,negative
1476,negative
1477,positive
1478,negative
1479,positive
1480,negative
1481,positive
1482,positive
1483,positive
1484,negative
1485,positive
1486,negative
1487,positive
1488,negative
1489,positive
1490,negative
1491,positive
1492,negative
1493,negative
1494,negative
1495,negative
1496,negative
1497,positive
1498,negative
1499,negative
1500,negative
1501,negative
1502,negative
1503,positive
1504,negative
1505,negative
1506,positive
1507,negative
1508,positive
1509,negative
1510,negative
1511,negative
1512,negative
1513,negative
1514,negative
1515,positive
1516,negative
1517,negative
1518,positive
1519,positive
1520,positive
1521,positive
1522,positive
1523,positive
1524,negative
1525,negative
1526,negative
1527,positive
1528,positive
1529,positive
1530,negative
1531,positive
1532,positive
1533,negative
1534,positive
1535,negative
1536,negative
1537,negative
1538,negative
1539,negative
1540,negative
1541,positive
1542,positive
1543,positive
1544,negative
1545,negative
1546,negative
1547,positive
1548,positive
1549,positive
1550,positive
1551,negative
1552,negative
1553,negative
1554,negative
1555,negative
1556,positive
1557,positive
1558,negative
1559,negative
1560,negative
1561,negative
1562,positive
1563,negative
1564,positive
1565,negative
1566,positive
1567,positive
1568,negative
1569,negative
1570,positive
1571,negative
1572,negative
1573,positive
1574,positive
1575,positive
1576,negative
1577,negative
1578,positive
1579,positive
1580,negative
1581,negative
1582,negative
1583,negative
1584,negative
1585,positive
1586,negative
1587,positive
1588,negative
1589,negative
1590,positive
1591,negative
1592,positive
1593,negative
1594,negative
1595,negative
1596,negative
1597,negative
1598,negative
1599,positive
1600,negative
1601,negative
1602,negative
1603,negative
1604,negative
1605,negative
1606,negative
1607,negative
1608,negative
1609,positive
1610,negative
1611,negative
1612,positive
1613,positive
1614,positive
1615,negative
1616,positive
1617,negative
1618,negative
1619,negative
1620,positive
1621,positive
1622,positive
1623,positive
1624,positive
1625,negative
1626,positive
1627,negative
1628,negative
1629,negative
1630,positive
1631,negative
1632,negative
1633,negative
1634,negative
1635,positive
1636,negative
1637,negative
1638,positive
1639,positive
1640,positive
1641,negative
1642,negative
1643,negative
1644,positive
1645,negative
1646,positive
1647,positive
1648,negative
1649,positive
1650,positive
1651,negative
1652,positive
1653,positive
1654,negative
1655,negative
1656,negative
1657,positive
1658,negative
1659,positive
1660,positive
1661,positive
1662,negative
1663,positive
1664,negative
1665,positive
1666,negative
1667,negative
1668,negative
1669,negative
1670,positive
1671,positive
1672,negative
1673,negative
1674,positive
1675,negative
1676,positive
1677,negative
1678,negative
1679,negative
1680,negative
1681,negative
1682,negative
1683,positive
1684,negative
1685,negative
1686,negative
1687,positive
1688,positive
1689,positive
1690,negative
1691,negative
1692,negative
1693,positive
1694,negative
1695,negative
1696,positive
1697,positive
1698,positive
1699,negative
1700,negative
1701,positive
1702,negative
1703,positive
1704,negative
1705,positive
1706,negative
1707,negative
1708,negative
1709,positive
1710,negative
1711,negative
1712,positive
1713,positive
1714,negative
1715,positive
1716,positive
1717,negative
1718,negative
1719,negative
1720,positive
1721,negative
1722,positive
1723,positive
1724,positive
1725,negative
1726,positive
1727,positive
1728,negative
1729,negative
1730,positive
1731,negative
1732,negative
1733,negative
1734,negative
1735,negative
1736,positive
1737,positive
1738,negative
1739,positive
1740,positive
1741,negative
1742,negative
1743,negative
1744,negative
1745,negative
1746,positive
1747,negative
1748,negative
1749,negative
1750,negative
1751,negative
1752,negative
1753,positive
1754,positive
1755,negative
1756,negative
1757,negative
1758,negative
1759,positive
1760,negative
1761,positive
1762,positive
1763,positive
1764,negative
1765,negative
1766,negative
1767,negative
1768,negative
1769,negative
1770,positive
1771,positive
1772,negative
1773,negative
1774,positive
1775,negative
1776,positive
1777,positive
1778,negative
1779,positive
1780,negative
1781,positive
1782,positive
1783,negative
1784,positive
1785,positive
1786,positive
1787,negative
1788,negative
1789,positive
1790,negative
1791,positive
1792,positive
1793,negative
1794,positive
1795,negative
1796,negative
1797,negative
1798,negative
1799,negative
1800,negative
1801,negative
1802,positive
1803,positive
1804,negative
1805,negative
1806,negative
1807,negative
1808,negative
1809,negative
1810,negative
1811,negative
1812,negative
1813,positive
1814,negative
1815,positive
1816,positive
1817,positive
1818,negative
1819,negative
1820,positive
1821,negative
1822,positive
1823,negative
1824,negative
1825,negative
1826,positive
1827,positive
1828,positive
1829,negative
1830,negative
1831,positive
1832,negative
1833,negative
1834,negative
1835,negative
1836,negative
1837,positive
1838,negative
1839,negative
1840,positive
1841,negative
1842,negative
1843,negative
1844,positive
1845,positive
1846,negative
1847,positive
1848,positive
1849,negative
1850,negative
1851,negative
1852,negative
1853,positive
1854,negative
1855,negative
1856,negative
1857,positive
1858,positive
1859,negative
1860,positive
1861,positive
1862,positive
1863,negative
1864,negative
1865,positive
1866,positive
1867,negative
1868,positive
1869,negative
1870,negative
1871,positive
1872,negative
1873,positive
1874,negative
1875,negative
1876,positive
1877,negative
1878,positive
1879,negative
1880,negative
1881,negative
1882,negative
1883,negative
1884,negative
1885,negative
1886,positive
1887,positive
1888,positive
1889,negative
1890,positive
1891,negative
1892,negative
1893,positive
1894,positive
1895,negative
1896,negative
1897,positive
1898,positive
1899,negative
1900,negative
1901,positive
1902,positive
1903,positive
1904,negative
1905,negative
1906,positive
1907,positive
1908,positive
1909,negative
1910,negative
1911,negative
1912,positive
1913,negative
1914,positive
1915,negative
1916,positive
1917,positive
1918,negative
1919,negative
1920,negative
1921,negative
1922,negative
1923,negative
1924,positive
1925,negative
1926,negative
1927,negative
1928,negative
1929,positive
1930,negative
1931,negative
1932,negative
1933,positive
1934,negative
1935,negative
1936,negative
1937,negative
1938,negative
1939,positive
1940,negative
1941,negative
1942,negative
1943,negative
1944,positive
1945,positive
1946,negative
1947,negative
1948,positive
1949,positive
1950,positive
1951,negative
1952,negative
1953,positive
1954,positive
1955,positive
1956,negative
1957,positive
1958,positive
1959,negative
1960,negative
1961,negative
1962,negative
1963,negative
1964,positive
1965,positive
1966,positive
1967,positive
1968,negative
1969,positive
1970,positive
1971,positive
1972,positive
1973,negative
1974,negative
1975,negative
1976,negative
1977,negative
1978,negative
1979,negative
1980,negative
1981,negative
1982,positive
1983,negative
1984,positive
1985,positive
1986,positive
1987,positive
1988,negative
1989,negative
1990,positive
1991,negative
1992,negative
1993,negative
1994,positive
1995,positive
1996,negative
1997,positive
1998,negative
1999,negative
2000,positive
2001,positive
2002,negative
2003,negative
2004,negative
2005,negative
2006,negative
2007,negative
2008,positive
2009,negative
2010,negative
2011,negative
2012,negative
2013,negative
2014,positive
2015,negative
2016,negative
2017,negative
2018,positive
2019,positive
2020,positive
2021,negative
2022,positive
2023,negative
2024,negative
2025,positive
2026,positive
2027,negative
2028,positive
2029,negative
2030,positive
2031,positive
2032,negative
2033,positive
2034,negative
2035,negative
2036,positive
2037,negative
2038,positive
2039,negative
2040,positive
2041,negative
2042,negative
2043,positive
2044,negative
2045,positive
2046,negative
2047,negative
2048,positive
2049,positive
2050,negative
2051,positive
2052,negative
2053,negative
2054,negative
2055,positive
2056,negative
2057,positive
2058,positive
2059,positive
2060,positive
2061,negative
2062,negative
2063,positive
2064,positive
2065,negative
2066,positive
2067,positive
2068,positive
2069,negative
2070,negative
2071,negative
2072,positive
2073,positive
2074,positive
2075,negative
2076,positive
2077,positive
2078,positive
2079,positive
2080,negative
2081,positive
2082,positive
2083,negative
2084,negative
2085,positive
2086,negative
2087,negative
2088,negative
2089,negative
2090,negative
2091,positive
2092,negative
2093,negative
2094,negative
2095,negative
2096,negative
2097,negative
2098,negative
2099,negative
2100,negative
2101,negative
2102,negative
2103,negative
2104,positive
2105,negative
2106,negative
2107,positive
2108,positive
2109,negative
2110,positive
2111,positive
2112,negative
2113,negative
2114,negative
2115,negative
2116,positive
2117,negative
2118,positive
2119,positive
2120,negative
2121,negative
2122,positive
2123,negative
2124,negative
2125,negative
2126,negative
2127,negative
2128,positive
2129,negative
2130,positive
2131,negative
2132,negative
2133,negative
2134,positive
2135,negative
2136,negative
2137,negative
2138,negative
2139,positive
2140,negative
2141,positive
2142,positive
2143,positive
2144,positive
2145,negative
2146,negative
2147,negative
2148,negative
2149,negative
2150,positive
2151,positive
2152,positive
2153,positive
2154,positive
2155,negative
2156,positive
2157,positive
2158,positive
2159,positive
2160,negative
2161,negative
2162,negative
2163,negative
2164,positive
2165,positive
2166,negative
2167,positive
2168,negative
2169,negative
2170,negative
2171,positive
2172,negative
2173,negative
2174,positive
2175,negative
2176,negative
2177,positive
2178,positive
2179,negative
2180,negative
2181,positive
2182,negative
2183,positive
2184,positive
2185,positive
2186,negative
2187,negative
2188,negative
2189,positive
2190,positive
2191,positive
2192,negative
2193,negative
2194,positive
2195,positive
2196,negative
2197,positive
2198,negative
2199,positive
2200,negative
2201,positive
2202,positive
2203,negative
2204,positive
2205,negative
2206,positive
2207,negative
2208,negative
2209,negative
2210,positive
2211,negative
2212,negative
2213,positive
2214,negative
2215,positive
2216,positive
2217,positive
2218,negative
2219,positive
2220,negative
2221,negative
2222,positive
2223,positive
2224,positive
2225,positive
2226,negative
2227,positive
2228,negative
2229,negative
2230,negative
2231,positive
2232,positive
2233,negative
2234,positive
2235,positive
2236,negative
2237,negative
2238,positive
2239,negative
2240,positive
2241,negative
2242,negative
2243,negative
2244,positive
2245,positive
2246,negative
2247,negative
2248,negative
2249,positive
2250,positive
2251,negative
2252,positive
2253,negative
2254,negative
2255,negative
2256,negative
2257,negative
2258,negative
2259,negative
2260,negative
2261,negative
2262,positive
2263,positive
2264,negative
2265,negative
2266,negative
2267,positive
2268,negative
2269,positive
2270,negative
2271,negative
2272,negative
2273,negative
2274,negative
2275,negative
2276,negative
2277,negative
2278,positive
2279,negative
2280,negative
2281,negative
2282,negative
2283,positive
2284,positive
2285,positive
2286,positive
2287,negative
2288,negative
2289,positive
2290,negative
2291,positive
2292,positive
2293,positive
2294,positive
2295,negative
2296,negative
2297,positive
2298,negative
2299,negative
2300,positive
2301,negative
2302,positive
2303,negative
2304,positive
2305,negative
2306,negative
2307,negative
2308,positive
2309,negative
2310,negative
2311,negative
2312,negative
2313,negative
2314,negative
2315,negative
2316,negative
2317,negative
2318,positive
2319,positive
2320,positive
2321,negative
2322,negative
2323,negative
2324,negative
2325,negative
2326,negative
2327,negative
2328,negative
2329,negative
2330,positive
2331,negative
2332,positive
2333,negative
2334,negative
2335,positive
2336,positive
2337,negative
2338,positive
2339,positive
2340,positive
2341,negative
2342,positive
2343,negative
2344,negative
2345,positive
2346,positive
2347,negative
2348,positive
2349,negative
2350,positive
2351,negative
2352,negative
2353,negative
2354,negative
2355,negative
2356,negative
2357,negative
2358,positive
2359,negative
2360,positive
2361,positive
2362,negative
2363,negative
2364,negative
2365,positive
2366,positive
2367,negative
2368,negative
2369,negative
2370,positive
2371,positive
2372,positive
2373,negative
2374,negative
2375,positive
2376,positive
2377,negative
2378,negative
2379,negative
2380,negative
2381,negative
2382,negative
2383,positive
2384,negative
2385,negative
2386,negative
2387,negative
2388,negative
2389,positive
2390,negative
2391,positive
2392,positive
2393,positive
2394,negative
2395,negative
2396,positive
2397,negative
2398,negative
2399,positive
2400,negative
2401,negative
2402,negative
2403,positive
2404,negative
2405,positive
2406,negative
2407,negative
2408,positive
2409,positive
2410,positive
2411,positive
2412,negative
2413,negative
2414,positive
2415,positive
2416,positive
2417,positive
2418,positive
2419,negative
2420,negative
2421,negative
2422,positive
2423,negative
2424,positive
2425,negative
2426,negative
2427,positive
2428,positive
2429,positive
2430,negative
2431,positive
2432,negative
2433,positive
2434,negative
2435,negative
2436,positive
2437,negative
2438,positive
2439,negative
2440,negative
2441,negative
2442,negative
2443,positive
2444,negative
2445,negative
2446,positive
2447,negative
2448,negative
2449,positive
2450,positive
2451,negative
2452,negative
2453,positive
2454,positive
2455,positive
2456,negative
2457,negative
2458,negative
2459,positive
2460,negative
2461,positive
2462,positive
2463,positive
2464,negative
2465,negative
2466,negative
2467,positive
2468,negative
2469,positive
2470,positive
2471,negative
2472,positive
2473,negative
2474,positive
2475,positive
2476,negative
2477,positive
2478,negative
2479,negative
2480,negative
2481,positive
2482,positive
2483,negative
2484,negative
2485,positive
2486,positive
2487,positive
2488,negative
2489,negative
2490,negative
2491,negative
2492,negative
2493,positive
2494,positive
2495,negative
2496,negative
2497,positive
2498,positive
2499,negative
2500,positive
2501,positive
2502,positive
2503,negative
2504,positive
2505,negative
2506,positive
2507,negative
2508,positive
2509,negative
2510,positive
2511,negative
2512,negative
2513,negative
2514,positive
2515,negative
2516,positive
2517,positive
2518,positive
2519,positive
2520,negative
2521,positive
2522,negative
2523,negative
2524,negative
2525,positive
2526,positive
2527,positive
2528,negative
2529,negative
2530,negative
2531,positive
2532,negative
2533,negative
2534,positive
2535,positive
2536,positive
2537,positive
2538,negative
2539,positive
2540,negative
2541,negative
2542,positive
2543,positive
2544,positive
2545,positive
2546,negative
2547,negative
2548,negative
2549,negative
2550,negative
2551,negative
2552,positive
2553,negative
2554,positive
2555,positive
2556,positive
2557,negative
2558,negative
2559,positive
2560,positive
2561,negative
2562,negative
2563,negative
2564,positive
2565,negative
2566,negative
2567,negative
2568,negative
2569,negative
2570,negative
2571,positive
2572,negative
2573,negative
2574,negative
2575,negative
2576,positive
2577,negative
2578,positive
2579,negative
2580,negative
2581,negative
2582,positive
2583,positive
2584,negative
2585,positive
2586,positive
2587,positive
2588,positive
2589,negative
2590,negative
2591,negative
2592,negative
2593,positive
2594,negative
2595,negative
2596,positive
2597,negative
2598,positive
2599,negative
2600,negative
2601,negative
2602,positive
2603,negative
2604,negative
2605,negative
2606,negative
2607,positive
2608,negative
2609,positive
2610,negative
2611,negative
2612,negative
2613,positive
2614,positive
2615,positive
2616,negative
2617,negative
2618,positive
2619,negative
2620,positive
2621,negative
2622,positive
2623,negative
2624,negative
2625,negative
2626,negative
2627,negative
2628,negative
2629,negative
2630,positive
2631,negative
2632,negative
2633,negative
2634,positive
2635,negative
2636,positive
2637,positive
2638,positive
2639,negative
2640,positive
2641,positive
2642,negative
2643,positive
2644,negative
2645,positive
2646,negative
2647,positive
2648,negative
2649,negative
2650,negative
2651,negative
2652,positive
2653,positive
2654,positive
2655,positive
2656,negative
2657,positive
2658,negative
2659,negative
2660,positive
2661,negative
2662,positive
2663,positive
2664,negative
2665,negative
2666,negative
2667,negative
2668,negative
2669,negative
2670,positive
2671,positive
2672,positive
2673,positive
2674,negative
2675,positive
2676,positive
2677,positive
2678,negative
2679,positive
2680,negative
2681,negative
2682,negative
2683,negative
2684,negative
2685,negative
2686,positive
2687,positive
2688,negative
2689,negative
2690,positive
2691,positive
2692,negative
2693,negative
2694,negative
2695,positive
2696,positive
2697,positive
2698,negative
2699,negative
2700,negative
2701,positive
2702,negative
2703,positive
2704,positive
2705,negative
2706,positive
2707,negative
2708,negative
2709,negative
2710,positive
2711,negative
2712,positive
2713,negative
2714,positive
2715,negative
2716,negative
2717,negative
2718,positive
2719,negative
2720,negative
2721,positive
2722,negative
2723,negative
2724,negative
2725,positive
2726,negative
2727,negative
2728,negative
2729,positive
2730,negative
2731,positive
2732,positive
2733,positive
2734,negative
2735,negative
2736,negative
2737,positive
2738,negative
2739,negative
2740,positive
2741,negative
2742,positive
2743,positive
2744,positive
2745,positive
2746,positive
2747,negative
2748,negative
2749,positive
2750,negative
2751,negative
2752,positive
2753,positive
2754,negative
2755,positive
2756,negative
2757,positive
2758,positive
2759,negative
2760,negative
2761,negative
2762,negative
2763,negative
2764,negative
2765,negative
2766,negative
2767,positive
2768,negative
2769,positive
2770,negative
2771,positive
2772,negative
2773,negative
2774,negative
2775,negative
2776,negative
2777,negative
2778,negative
2779,negative
2780,negative
2781,positive
2782,negative
2783,negative
2784,positive
2785,negative
2786,positive
2787,positive
2788,negative
2789,positive
2790,positive
2791,positive
2792,positive
2793,negative
2794,negative
2795,negative
2796,negative
2797,positive
2798,positive
2799,negative
2800,negative
2801,negative
2802,negative
2803,negative
2804,negative
2805,negative
2806,negative
2807,negative
2808,negative
2809,negative
2810,positive
2811,negative
2812,positive
2813,negative
2814,negative
2815,positive
2816,positive
2817,negative
2818,positive
2819,negative
2820,negative
2821,negative
2822,negative
2823,negative
2824,positive
2825,negative
2826,negative
2827,negative
2828,negative
2829,negative
2830,negative
2831,negative
2832,positive
2833,negative
2834,negative
2835,negative
2836,negative
2837,positive
2838,negative
2839,negative
2840,positive
2841,negative
2842,positive
2843,negative
2844,positive
2845,positive
2846,negative
2847,positive
2848,negative
2849,negative
2850,negative
2851,positive
2852,positive
2853,negative
2854,positive
2855,positive
2856,negative
2857,negative
2858,positive
2859,negative
2860,positive
2861,positive
2862,positive
2863,negative
2864,negative
2865,positive
2866,positive
2867,positive
2868,positive
2869,negative
2870,positive
2871,negative
2872,positive
2873,positive
2874,negative
2875,negative
2876,positive
2877,positive
2878,negative
2879,positive
2880,negative
2881,positive
2882,positive
2883,positive
2884,positive
2885,negative
2886,positive
2887,positive
2888,negative
2889,positive
2890,negative
2891,negative
2892,positive
2893,positive
2894,negative
2895,negative
2896,negative
2897,positive
2898,negative
2899,positive
2900,negative
2901,negative
2902,positive
2903,positive
2904,negative
2905,negative
2906,negative
2907,positive
2908,positive
2909,positive
2910,positive
2911,negative
2912,negative
2913,positive
2914,negative
2915,negative
2916,negative
2917,negative
2918,positive
2919,negative
2920,negative
2921,negative
2922,negative
2923,positive
2924,negative
2925,negative
2926,negative
2927,negative
2928,positive
2929,negative
2930,negative
2931,negative
2932,negative
2933,positive
2934,negative
2935,positive
2936,negative
2937,negative
2938,negative
2939,negative
2940,positive
2941,negative
2942,negative
2943,negative
2944,negative
2945,negative
2946,negative
2947,positive
2948,positive
2949,positive
2950,negative
2951,negative
2952,negative
2953,positive
2954,negative
2955,negative
2956,positive
2957,negative
2958,negative
2959,negative
2960,positive
2961,positive
2962,negative
2963,negative
2964,positive
2965,negative
2966,negative
2967,positive
2968,negative
2969,positive
2970,positive
2971,positive
2972,negative
2973,positive
2974,negative
2975,negative
2976,positive
2977,negative
2978,negative
2979,negative
2980,negative
2981,negative
2982,positive
2983,negative
2984,negative
2985,negative
2986,positive
2987,negative
2988,positive
2989,negative
2990,negative
2991,negative
2992,negative
2993,positive
2994,negative
2995,positive
2996,positive
2997,positive
2998,negative
2999,negative
3000,negative
3001,negative
3002,negative
3003,negative
3004,positive
3005,negative
3006,positive
3007,negative
3008,negative
3009,negative
3010,positive
3011,negative
3012,negative
3013,negative
3014,negative
3015,negative
3016,negative
3017,positive
3018,positive
3019,negative
3020,positive
3021,positive
3022,positive
3023,positive
3024,negative
3025,positive
3026,negative
3027,negative
3028,negative
3029,positive
3030,positive
3031,negative
3032,negative
3033,positive
3034,positive
3035,negative
3036,positive
3037,positive
3038,positive
3039,negative
3040,positive
3041,negative
3042,positive
3043,positive
3044,positive
3045,positive
3046,negative
3047,positive
3048,negative
3049,positive
3050,negative
3051,negative
3052,positive
3053,negative
3054,positive
3055,negative
3056,positive
3057,positive
3058,positive
3059,positive
3060,negative
3061,positive
3062,negative
3063,positive
3064,negative
3065,positive
3066,positive
3067,positive
3068,positive
3069,negative
3070,negative
3071,negative
3072,positive
3073,negative
3074,positive
3075,negative
3076,negative
3077,negative
3078,positive
3079,negative
3080,positive
3081,positive
3082,negative
3083,negative
3084,negative
3085,negative
3086,positive
3087,negative
3088,negative
3089,negative
3090,negative
3091,negative
3092,negative
3093,negative
3094,positive
3095,negative
3096,positive
3097,positive
3098,positive
3099,positive
3100,negative
3101,positive
3102,positive
3103,positive
3104,negative
3105,positive
3106,negative
3107,negative
3108,positive
3109,negative
3110,positive
3111,positive
3112,positive
3113,positive
3114,negative
3115,positive
3116,positive
3117,positive
3118,positive
3119,positive
3120,negative
3121,negative
3122,negative
3123,positive
3124,positive
3125,positive
3126,positive
3127,negative
3128,negative
3129,negative
3130,negative
3131,positive
3132,negative
3133,positive
3134,negative
3135,negative
3136,negative
3137,positive
3138,positive
3139,negative
3140,negative
3141,positive
3142,positive
3143,positive
3144,positive
3145,positive
3146,negative
3147,positive
3148,negative
3149,negative
3150,negative
3151,negative
3152,positive
3153,negative
3154,positive
3155,negative
3156,negative
3157,negative
3158,positive
3159,positive
3160,positive
3161,positive
3162,negative
3163,negative
3164,positive
3165,positive
3166,negative
3167,negative
3168,negative
3169,negative
3170,negative
3171,negative
3172,positive
3173,positive
3174,negative
3175,positive
3176,negative
3177,positive
3178,positive
3179,positive
3180,negative
3181,negative
3182,negative
3183,positive
3184,negative
3185,positive
3186,positive
3187,negative
3188,negative
3189,negative
3190,positive
3191,positive
3192,positive
3193,negative
3194,negative
3195,positive
3196,negative
3197,neutral
3198,negative
3199,positive
3200,negative
3201,negative
3202,positive
3203,negative
3204,negative
3205,positive
3206,negative
3207,positive
3208,positive
3209,negative
3210,positive
3211,negative
3212,negative
3213,negative
3214,positive
3215,negative
3216,negative
3217,negative
3218,positive
3219,positive
3220,positive
3221,negative
3222,negative
3223,negative
3224,positive
3225,positive
3226,negative
3227,negative
3228,negative
3229,positive
3230,negative
3231,negative
3232,positive
3233,negative
3234,positive
3235,negative
3236,negative
3237,negative
3238,negative
3239,positive
3240,negative
3241,positive
3242,negative
3243,negative
3244,negative
3245,negative
3246,positive
3247,negative
3248,positive
3249,negative
3250,positive
3251,negative
3252,negative
3253,positive
3254,negative
3255,negative
3256,positive
3257,negative
3258,positive
3259,negative
3260,negative
3261,negative
3262,positive
3263,negative
3264,negative
3265,positive
3266,negative
3267,positive
3268,negative
3269,positive
3270,positive
3271,positive
3272,negative
3273,negative
3274,positive
3275,negative
3276,positive
3277,negative
3278,positive
3279,positive
3280,negative
3281,negative
3282,negative
3283,negative
3284,positive
3285,positive
3286,negative
3287,negative
3288,positive
3289,positive
3290,positive
3291,negative
3292,positive
3293,negative
3294,negative
3295,positive
3296,negative
3297,positive
3298,negative
3299,negative
3300,negative
3301,negative
3302,positive
3303,positive
3304,negative
3305,negative
3306,negative
3307,negative
3308,positive
3309,negative
3310,positive
3311,negative
3312,negative
3313,positive
3314,negative
3315,negative
3316,negative
3317,negative
3318,negative
3319,positive
3320,positive
3321,negative
3322,negative
3323,negative
3324,positive
3325,negative
3326,negative
3327,negative
3328,negative
3329,positive
3330,positive
3331,negative
3332,positive
3333,negative
3334,positive
3335,negative
3336,negative
3337,positive
3338,negative
3339,positive
3340,negative
3341,positive
3342,negative
3343,positive
3344,negative
3345,positive
3346,negative
3347,positive
3348,positive
3349,positive
3350,negative
3351,negative
3352,negative
3353,negative
3354,negative
3355,positive
3356,positive
3357,negative
3358,negative
3359,negative
3360,negative
3361,positive
3362,negative
3363,positive
3364,positive
3365,negative
3366,negative
3367,negative
3368,negative
3369,positive
3370,negative
3371,positive
3372,negative
3373,positive
3374,negative
3375,positive
3376,positive
3377,negative
3378,negative
3379,positive
3380,negative
3381,negative
3382,negative
3383,negative
3384,positive
3385,negative
3386,positive
3387,negative
3388,negative
3389,negative
3390,positive
3391,negative
3392,positive
3393,positive
3394,negative
3395,negative
3396,negative
3397,negative
3398,negative
3399,negative
3400,negative
3401,positive
3402,negative
3403,negative
3404,negative
3405,positive
3406,negative
3407,positive
3408,negative
3409,positive
3410,negative
3411,positive
3412,negative
3413,negative
3414,negative
3415,negative
3416,positive
3417,positive
3418,positive
3419,positive
3420,negative
3421,positive
3422,positive
3423,positive
3424,negative
3425,negative
3426,negative
3427,negative
3428,positive
3429,negative
3430,negative
3431,negative
3432,negative
3433,negative
3434,negative
3435,negative
3436,negative
3437,negative
3438,negative
3439,negative
3440,negative
3441,negative
3442,negative
3443,positive
3444,positive
3445,negative
3446,negative
3447,negative
3448,negative
3449,positive
3450,negative
3451,negative
3452,positive
3453,negative
3454,negative
3455,negative
3456,positive
3457,negative
3458,negative
3459,negative
3460,negative
3461,positive
3462,negative
3463,negative
3464,positive
3465,negative
3466,negative
3467,negative
3468,positive
3469,positive
3470,negative
3471,negative
3472,negative
3473,negative
3474,negative
3475,negative
3476,negative
3477,negative
3478,negative
3479,positive
3480,negative
3481,negative
3482,negative
3483,positive
3484,negative
3485,positive
3486,negative
3487,positive
3488,negative
3489,negative
3490,positive
3491,negative
3492,positive
3493,negative
3494,negative
3495,positive
3496,positive
3497,negative
3498,positive
3499,negative
3500,positive
3501,negative
3502,positive
3503,positive
3504,negative
3505,negative
3506,positive
3507,positive
3508,positive
3509,positive
3510,positive
3511,negative
3512,negative
3513,positive
3514,positive
3515,positive
3516,positive
3517,positive
3518,negative
3519,negative
3520,positive
3521,positive
3522,negative
3523,negative
3524,positive
3525,negative
3526,positive
3527,positive
3528,negative
3529,positive
3530,negative
3531,negative
3532,negative
3533,negative
3534,positive
3535,negative
3536,positive
3537,positive
3538,negative
3539,negative
3540,negative
3541,positive
3542,negative
3543,positive
3544,positive
3545,negative
3546,negative
3547,positive
3548,negative
3549,negative
3550,negative
3551,negative
3552,negative
3553,positive
3554,positive
3555,negative
3556,negative
3557,negative
3558,negative
3559,negative
3560,negative
3561,negative
3562,negative
3563,negative
3564,positive
3565,negative
3566,negative
3567,negative
3568,negative
3569,negative
3570,negative
3571,positive
3572,positive
3573,negative
3574,negative
3575,positive
3576,negative
3577,negative
3578,negative
3579,negative
3580,negative
3581,positive
3582,positive
3583,negative
3584,positive
3585,negative
3586,positive
3587,negative
3588,negative
3589,negative
3590,negative
3591,positive
3592,positive
3593,negative
3594,positive
3595,negative
3596,positive
3597,positive
3598,negative
3599,positive
3600,positive
3601,negative
3602,positive
3603,positive
3604,positive
3605,positive
3606,positive
3607,negative
3608,negative
3609,positive
3610,negative
3611,negative
3612,negative
3613,negative
3614,positive
3615,positive
3616,positive
3617,positive
3618,negative
3619,positive
3620,positive
3621,positive
3622,negative
3623,negative
3624,negative
3625,negative
3626,positive
3627,negative
3628,negative
3629,negative
3630,negative
3631,negative
3632,positive
3633,negative
3634,positive
3635,negative
3636,positive
3637,negative
3638,negative
3639,negative
3640,negative
3641,negative
3642,negative
3643,negative
3644,negative
3645,negative
3646,positive
3647,positive
3648,positive
3649,negative
3650,positive
3651,positive
3652,negative
3653,negative
3654,negative
3655,negative
3656,positive
3657,negative
3658,positive
3659,negative
3660,positive
3661,negative
3662,positive
3663,positive
3664,negative
3665,positive
3666,negative
3667,negative
3668,positive
3669,positive
3670,positive
3671,negative
3672,positive
3673,positive
3674,positive
3675,negative
3676,negative
3677,negative
3678,negative
3679,negative
3680,negative
3681,negative
3682,positive
3683,positive
3684,negative
3685,negative
3686,negative
3687,negative
3688,negative
3689,positive
3690,positive
3691,positive
3692,negative
3693,negative
3694,positive
3695,negative
3696,positive
3697,positive
3698,positive
3699,positive
3700,negative
3701,negative
3702,negative
3703,negative
3704,positive
3705,negative
3706,positive
3707,negative
3708,positive
3709,positive
3710,negative
3711,negative
3712,positive
3713,negative
3714,positive
3715,positive
3716,positive
3717,positive
3718,negative
3719,positive
3720,negative
3721,negative
3722,positive
3723,positive
3724,positive
3725,negative
3726,negative
3727,positive
3728,positive
3729,positive
3730,negative
3731,positive
3732,positive
3733,negative
3734,negative
3735,positive
3736,negative
3737,negative
3738,negative
3739,positive
3740,negative
3741,positive
3742,negative
3743,negative
3744,positive
3745,negative
3746,negative
3747,negative
3748,positive
3749,negative
3750,negative
3751,negative
3752,negative
3753,positive
3754,negative
3755,negative
3756,positive
3757,positive
3758,negative
3759,negative
3760,negative
3761,positive
3762,positive
3763,negative
3764,positive
3765,negative
3766,negative
3767,negative
3768,positive
3769,negative
3770,negative
3771,negative
3772,positive
3773,negative
3774,positive
3775,positive
3776,negative
3777,negative
3778,positive
3779,positive
3780,negative
3781,negative
3782,negative
3783,negative
3784,positive
3785,negative
3786,negative
3787,negative
3788,negative
3789,negative
3790,negative
3791,negative
3792,positive
3793,negative
3794,negative
3795,positive
3796,negative
3797,positive
3798,negative
3799,negative
3800,negative
3801,positive
3802,negative
3803,positive
3804,positive
3805,positive
3806,negative
3807,positive
3808,negative
3809,positive
3810,negative
3811,negative
3812,negative
3813,negative
3814,negative
3815,positive
3816,negative
3817,negative
3818,negative
3819,positive
3820,positive
3821,negative
3822,positive
3823,negative
3824,negative
3825,negative
3826,negative
3827,negative
3828,negative
3829,positive
3830,positive
3831,negative
3832,negative
3833,negative
3834,positive
3835,positive
3836,negative
3837,positive
3838,positive
3839,negative
3840,negative
3841,negative
3842,negative
3843,positive
3844,negative
3845,positive
3846,negative
3847,negative
3848,negative
3849,positive
3850,negative
3851,negative
3852,positive
3853,positive
3854,negative
3855,positive
3856,positive
3857,positive
3858,negative
3859,positive
3860,negative
3861,negative
3862,positive
3863,positive
3864,negative
3865,negative
3866,positive
3867,negative
3868,negative
3869,positive
3870,negative
3871,positive
3872,positive
3873,negative
3874,negative
3875,negative
3876,negative
3877,negative
3878,negative
3879,negative
3880,positive
3881,negative
3882,negative
3883,negative
3884,negative
3885,positive
3886,positive
3887,negative
3888,positive
3889,positive
3890,positive
3891,negative
3892,negative
3893,negative
3894,negative
3895,positive
3896,negative
3897,positive
3898,negative
3899,positive
3900,positive
3901,negative
3902,negative
3903,negative
3904,positive
3905,positive
3906,negative
3907,negative
3908,negative
3909,negative
3910,negative
3911,negative
3912,positive
3913,positive
3914,negative
3915,positive
3916,positive
3917,negative
3918,positive
3919,positive
3920,negative
3921,positive
3922,negative
3923,negative
3924,negative
3925,positive
3926,negative
3927,positive
3928,positive
3929,negative
3930,positive
3931,negative
3932,positive
3933,negative
3934,positive
3935,negative
3936,negative
3937,negative
3938,negative
3939,negative
3940,positive
3941,negative
3942,negative
3943,negative
3944,positive
3945,positive
3946,positive
3947,negative
3948,negative
3949,negative
3950,positive
3951,negative
3952,positive
3953,negative
3954,negative
3955,negative
3956,negative
3957,negative
3958,negative
3959,positive
3960,negative
3961,negative
3962,negative
3963,negative
3964,negative
3965,negative
3966,negative
3967,positive
3968,negative
3969,negative
3970,negative
3971,negative
3972,positive
3973,negative
3974,positive
3975,positive
3976,positive
3977,positive
3978,negative
3979,positive
3980,positive
3981,negative
3982,negative
3983,negative
3984,negative
3985,positive
3986,negative
3987,positive
3988,positive
3989,positive
3990,negative
3991,negative
3992,positive
3993,negative
3994,positive
3995,positive
3996,positive
3997,negative
3998,positive
3999,negative
4000,positive
4001,negative
4002,negative
4003,negative
4004,negative
4005,negative
4006,positive
4007,negative
4008,negative
4009,positive
4010,negative
4011,positive
4012,negative
4013,negative
4014,positive
4015,negative
4016,negative
4017,negative
4018,positive
4019,negative
4020,positive
4021,positive
4022,negative
4023,negative
4024,positive
4025,positive
4026,positive
4027,positive
4028,negative
4029,negative
4030,negative
4031,positive
4032,negative
4033,negative
4034,negative
4035,positive
4036,negative
4037,negative
4038,negative
4039,negative
4040,negative
4041,negative
4042,negative
4043,negative
4044,negative
4045,negative
4046,negative
4047,positive
4048,negative
4049,negative
4050,negative
4051,negative
4052,negative
4053,positive
4054,negative
4055,positive
4056,positive
4057,positive
4058,negative
4059,positive
4060,negative
4061,negative
4062,neutral
4063,positive
4064,positive
4065,positive
4066,positive
4067,positive
4068,positive
4069,negative
4070,negative
4071,negative
4072,positive
4073,negative
4074,negative
4075,positive
4076,negative
4077,negative
4078,negative
4079,negative
4080,negative
4081,positive
4082,negative
4083,positive
4084,negative
4085,negative
4086,positive
4087,negative
4088,negative
4089,negative
4090,positive
4091,negative
4092,negative
4093,positive
4094,positive
4095,positive
4096,negative
4097,negative
4098,negative
4099,positive
4100,negative
4101,positive
4102,negative
4103,positive
4104,positive
4105,negative
4106,negative
4107,positive
4108,negative
4109,negative
4110,positive
4111,positive
4112,positive
4113,negative
4114,negative
4115,positive
4116,negative
4117,negative
4118,negative
4119,negative
4120,negative
4121,positive
4122,negative
4123,positive
4124,negative
4125,negative
4126,negative
4127,negative
4128,negative
4129,positive
4130,positive
4131,negative
4132,negative
4133,positive
4134,negative
4135,negative
4136,negative
4137,negative
4138,positive
4139,negative
4140,negative
4141,negative
4142,negative
4143,positive
4144,negative
4145,negative
4146,positive
4147,positive
4148,positive
4149,negative
4150,negative
4151,positive
4152,positive
4153,negative
4154,negative
4155,positive
4156,negative
4157,positive
4158,negative
4159,negative
4160,negative
4161,negative
4162,negative
4163,negative
4164,negative
4165,negative
4166,positive
4167,negative
4168,negative
4169,negative
4170,positive
4171,positive
4172,negative
4173,positive
4174,positive
4175,negative
4176,negative
4177,negative
4178,negative
4179,positive
4180,negative
4181,positive
4182,negative
4183,negative
4184,positive
4185,negative
4186,negative
4187,positive
4188,negative
4189,negative
4190,negative
4191,positive
4192,negative
4193,negative
4194,positive
4195,positive
4196,negative
4197,negative
4198,positive
4199,positive
4200,positive
4201,negative
4202,positive
4203,negative
4204,positive
4205,positive
4206,negative
4207,negative
4208,negative
4209,positive
4210,positive
4211,negative
4212,positive
4213,negative
4214,negative
4215,positive
4216,positive
4217,negative
4218,positive
4219,positive
4220,negative
4221,negative
4222,negative
4223,negative
4224,positive
4225,positive
4226,negative
4227,negative
4228,negative
4229,positive
4230,negative
4231,positive
4232,negative
4233,positive
4234,positive
4235,negative
4236,negative
4237,negative
4238,negative
4239,positive
4240,negative
4241,positive
4242,negative
4243,positive
4244,negative
4245,negative
4246,negative
4247,negative
4248,negative
4249,negative
4250,negative
4251,negative
4252,positive
4253,negative
4254,positive
4255,negative
4256,negative
4257,positive
4258,negative
4259,negative
4260,positive
4261,positive
4262,positive
4263,positive
4264,negative
4265,positive
4266,positive
4267,positive
4268,negative
4269,positive
4270,negative
4271,positive
4272,positive
4273,negative
4274,positive
4275,negative
4276,positive
4277,negative
4278,positive
4279,positive
4280,negative
4281,negative
4282,positive
4283,positive
4284,negative
4285,positive
4286,negative
4287,negative
4288,negative
4289,negative
4290,negative
4291,negative
4292,negative
4293,positive
4294,negative
4295,negative
4296,positive
4297,negative
4298,positive
4299,negative
4300,positive
4301,negative
4302,negative
4303,negative
4304,negative
4305,positive
4306,positive
4307,negative
4308,positive
4309,positive
4310,positive
4311,negative
4312,positive
4313,negative
4314,negative
4315,positive
4316,positive
4317,negative
4318,positive
4319,negative
4320,negative
4321,negative
4322,negative
4323,negative
4324,positive
4325,negative
4326,negative
4327,negative
4328,negative
4329,positive
4330,negative
4331,negative
4332,positive
4333,negative
4334,positive
4335,positive
4336,negative
4337,positive
4338,negative
4339,negative
4340,negative
4341,negative
4342,positive
4343,negative
4344,positive
4345,negative
4346,negative
4347,positive
4348,positive
4349,negative
4350,positive
4351,positive
4352,negative
4353,negative
4354,positive
4355,positive
4356,positive
4357,positive
4358,negative
4359,positive
4360,negative
4361,negative
4362,negative
4363,negative
4364,negative
4365,negative
4366,positive
4367,positive
4368,negative
4369,negative
4370,negative
4371,negative
4372,negative
4373,negative
4374,positive
4375,positive
4376,negative
4377,positive
4378,positive
4379,positive
4380,positive
4381,negative
4382,positive
4383,negative
4384,positive
4385,positive
4386,positive
4387,negative
4388,negative
4389,negative
4390,positive
4391,positive
4392,positive
4393,negative
4394,positive
4395,negative
4396,positive
4397,positive
4398,positive
4399,positive
4400,negative
4401,negative
4402,positive
4403,negative
4404,negative
4405,negative
4406,negative
4407,negative
4408,negative
4409,positive
4410,positive
4411,positive
4412,negative
4413,negative
4414,negative
4415,positive
4416,negative
4417,positive
4418,negative
4419,negative
4420,negative
4421,negative
4422,negative
4423,negative
4424,negative
4425,negative
4426,negative
4427,negative
4428,negative
4429,positive
4430,negative
4431,positive
4432,positive
4433,negative
4434,positive
4435,positive
4436,positive
4437,positive
4438,negative
4439,positive
4440,negative
4441,negative
4442,positive
4443,negative
4444,positive
4445,negative
4446,positive
4447,negative
4448,negative
4449,negative
4450,positive
4451,positive
4452,negative
4453,positive
4454,negative
4455,negative
4456,negative
4457,negative
4458,negative
4459,negative
4460,positive
4461,positive
4462,negative
4463,positive
4464,positive
4465,positive
4466,negative
4467,positive
4468,negative
4469,positive
4470,negative
4471,negative
4472,positive
4473,positive
4474,negative
4475,positive
4476,negative
4477,positive
4478,negative
4479,negative
4480,negative
4481,negative
4482,negative
4483,negative
4484,negative
4485,negative
4486,positive
4487,negative
4488,negative
4489,negative
4490,positive
4491,negative
4492,positive
4493,positive
4494,negative
4495,positive
4496,negative
4497,negative
4498,negative
4499,negative
4500,positive
4501,negative
4502,negative
4503,positive
4504,positive
4505,negative
4506,positive
4507,positive
4508,negative
4509,positive
4510,negative
4511,negative
4512,negative
4513,positive
4514,positive
4515,negative
4516,negative
4517,negative
4518,positive
4519,negative
4520,positive
4521,negative
4522,positive
4523,negative
4524,positive
4525,positive
4526,positive
4527,negative
4528,positive
4529,negative
4530,positive
4531,positive
4532,positive
4533,negative
4534,negative
4535,negative
4536,negative
4537,negative
4538,negative
4539,negative
4540,positive
4541,negative
4542,positive
4543,negative
4544,negative
4545,negative
4546,negative
4547,negative
4548,positive
4549,negative
4550,negative
4551,negative
4552,positive
4553,negative
4554,negative
4555,positive
4556,negative
4557,negative
4558,negative
4559,positive
4560,negative
4561,positive
4562,negative
4563,negative
4564,negative
4565,negative
4566,negative
4567,negative
4568,negative
4569,negative
4570,positive
4571,positive
4572,negative
4573,negative
4574,positive
4575,negative
4576,positive
4577,positive
4578,positive
4579,positive
4580,positive
4581,positive
4582,negative
4583,positive
4584,negative
4585,positive
4586,negative
4587,negative
4588,positive
4589,positive
4590,negative
4591,positive
4592,positive
4593,positive
4594,negative
4595,positive
4596,negative
4597,negative
4598,negative
4599,positive
4600,negative
4601,negative
4602,positive
4603,positive
4604,positive
4605,positive
4606,negative
4607,negative
4608,negative
4609,negative
4610,negative
4611,positive
4612,negative
4613,negative
4614,negative
4615,negative
4616,positive
4617,negative
4618,positive
4619,negative
4620,negative
4621,negative
4622,positive
4623,negative
4624,positive
4625,negative
4626,negative
4627,negative
4628,negative
4629,negative
4630,negative
4631,negative
4632,negative
4633,negative
4634,negative
4635,negative
4636,negative
4637,negative
4638,positive
4639,positive
4640,positive
4641,negative
4642,negative
4643,negative
4644,negative
4645,negative
4646,positive
4647,negative
4648,negative
4649,negative
4650,negative
4651,positive
4652,negative
4653,negative
4654,negative
4655,negative
4656,negative
4657,positive
4658,positive
4659,negative
4660,positive
4661,negative
4662,positive
4663,negative
4664,positive
4665,negative
4666,negative
4667,positive
4668,positive
4669,negative
4670,negative
4671,positive
4672,negative
4673,negative
4674,negative
4675,positive
4676,negative
4677,positive
4678,negative
4679,negative
4680,negative
4681,negative
4682,negative
4683,positive
4684,negative
4685,negative
4686,positive
4687,negative
4688,negative
4689,positive
4690,positive
4691,negative
4692,negative
4693,positive
4694,positive
4695,negative
4696,negative
4697,positive
4698,negative
4699,positive
4700,positive
4701,positive
4702,positive
4703,negative
4704,negative
4705,negative
4706,positive
4707,positive
4708,negative
4709,positive
4710,negative
4711,negative
4712,negative
4713,negative
4714,negative
4715,positive
4716,negative
4717,negative
4718,negative
4719,negative
4720,negative
4721,negative
4722,negative
4723,positive
4724,negative
4725,positive
4726,negative
4727,positive
4728,positive
4729,negative
4730,negative
4731,positive
4732,negative
4733,positive
4734,negative
4735,negative
4736,negative
4737,negative
4738,negative
4739,negative
4740,positive
4741,negative
4742,negative
4743,negative
4744,positive
4745,negative
4746,negative
4747,positive
4748,negative
4749,negative
4750,negative
4751,negative
4752,positive
4753,positive
4754,negative
4755,negative
4756,negative
4757,negative
4758,negative
4759,negative
4760,negative
4761,negative
4762,negative
4763,negative
4764,negative
4765,negative
4766,negative
4767,positive
4768,negative
4769,negative
4770,positive
4771,positive
4772,positive
4773,positive
4774,negative
4775,negative
4776,positive
4777,positive
4778,positive
4779,negative
4780,negative
4781,negative
4782,positive
4783,positive
4784,negative
4785,positive
4786,negative
4787,positive
4788,negative
4789,negative
4790,positive
4791,positive
4792,negative
4793,negative
4794,negative
4795,positive
4796,negative
4797,positive
4798,positive
4799,negative
4800,negative
4801,positive
4802,positive
4803,negative
4804,negative
4805,negative
4806,positive
4807,positive
4808,negative
4809,negative
4810,positive
4811,negative
4812,negative
4813,negative
4814,negative
4815,positive
4816,positive
4817,positive
4818,positive
4819,negative
4820,positive
4821,positive
4822,negative
4823,negative
4824,negative
4825,negative
4826,positive
4827,negative
4828,negative
4829,negative
4830,positive
4831,positive
4832,negative
4833,negative
4834,positive
4835,negative
4836,negative
4837,negative
4838,positive
4839,negative
4840,positive
4841,positive
4842,neutral
4843,negative
4844,negative
4845,negative
4846,negative
4847,positive
4848,negative
4849,negative
4850,negative
